<?xml version="1.0" encoding="UTF-8"?>
<!DOCTYPE mapper PUBLIC "-//mybatis.org//DTD Mapper 3.0//EN" "http://mybatis.org/dtd/mybatis-3-mapper.dtd" >
<mapper namespace="com.dh.guangfu.po.AreaMapper" >
	<resultMap id="BaseResultMap" type="com.dh.guangfu.po.Area" >
		<id column="id" property="id" jdbcType="BIGINT" />
		<result column="name" property="name" jdbcType="VARCHAR" />
		<result column="city_id" property="city_id" />
	</resultMap>
	
  <sql id="Base_Column_List" >
  	id,name,city_id
  </sql>
  
  <select id="findAll" resultMap="BaseResultMap" parameterType="int" >
    select 
    <include refid="Base_Column_List" />
    from area where city_id=#{city_id}
  </select>
  
   <select id="findById" resultMap="BaseResultMap" parameterType="java.lang.Long" >
    select 
    <include refid="Base_Column_List" />
    from area
    where id = #{id,jdbcType=BIGINT}
  </select>
</mapper>  	