<?xml version="1.0" encoding="UTF-8"?>
<!DOCTYPE mapper PUBLIC "-//mybatis.org//DTD Mapper 3.0//EN" "http://mybatis.org/dtd/mybatis-3-mapper.dtd" >
<mapper namespace="com.dh.guangfu.po.CmsTypeMapper" >
	<resultMap id="BaseResultMap" type="com.dh.guangfu.po.CmsType" >
		<id column="id" property="id" jdbcType="BIGINT" />
		<result column="name" property="name" jdbcType="VARCHAR" />
	</resultMap>
  <sql id="Base_Column_List" >
  	id,name
  </sql>
  
  <select id="findAll" resultMap="BaseResultMap" parameterType="java.lang.Long" >
    select 
    <include refid="Base_Column_List" />
    from cms_type
  </select>
  
   <select id="findById" resultMap="BaseResultMap" parameterType="java.lang.Long" >
    select 
    <include refid="Base_Column_List" />
    from cms_type
    where id = #{id,jdbcType=BIGINT}
  </select>
  
  <delete id="deleteById" parameterType="java.lang.Long" >
    delete from cms_type
    where id = #{id,jdbcType=BIGINT}
  </delete>
  
  <insert id="insert" parameterType="com.dh.guangfu.po.CmsType" >
    insert into cms_type (id, name)
    values (#{id,jdbcType=BIGINT}, #{name,jdbcType=VARCHAR})
  </insert>
  
  <update id="update" parameterType="com.dh.guangfu.po.CmsType" >
    update cms_type
    <set >
      <if test="name != null" >
        name = #{name,jdbcType=VARCHAR},
      </if>
    </set>
    where id = #{id,jdbcType=BIGINT}
  </update>
  <select id="count" resultType="java.lang.Integer" parameterType="com.dh.guangfu.po.CmsType">  
       <![CDATA[ 
          select count(*) from cms_type 
       ]]>  
        <where>
    	</where>
    </select>
</mapper>  	