<?xml version="1.0" encoding="UTF-8"?>
<!DOCTYPE mapper PUBLIC "-//mybatis.org//DTD Mapper 3.0//EN" "http://mybatis.org/dtd/mybatis-3-mapper.dtd" >
<mapper namespace="com.dh.guangfu.po.PriceMapper" >
	<resultMap id="BaseResultMap" type="com.dh.guangfu.po.Price" >
		<id column="id" property="id" jdbcType="BIGINT" />
		<result column="code" property="code" jdbcType="VARCHAR" />
		<result column="price" property="price" />
		<result column="create_date" property="create_date" />
		<result column="end_date" property="end_date"  />
	</resultMap>
	
  <sql id="Base_Column_List" >
  	id,code,price,create_date,end_date
  </sql>
  
  <select id="findAll" resultMap="BaseResultMap" parameterType="com.dh.guangfu.vo.PriceQuery" >
    select 
    <include refid="Base_Column_List" />
    from conf_price
    <where>
	    	<if test="code!=null and code.trim()!=''"> and code like CONCAT("%",#{code},"%") </if>
    </where>
  </select>
  <!-- 得到记录总数 -->  
    <select id="count" resultType="java.lang.Integer" parameterType="com.dh.guangfu.vo.PriceQuery">  
       <![CDATA[ 
          select count(*) from conf_price 
       ]]>  
       <where>
	    	<if test="code!=null and code.trim()!=''"> and code like CONCAT("%",#{code},"%") </if>
    	</where>
    </select>
    
    
   <select id="findById" resultMap="BaseResultMap" parameterType="java.lang.Long" >
    select 
    <include refid="Base_Column_List" />
    from conf_price
    where id = #{id,jdbcType=BIGINT}
  </select>
  
  <delete id="deleteById" parameterType="java.lang.Long" >
    delete from conf_price
    where id = #{id,jdbcType=BIGINT}
  </delete>
  
  <insert id="insert" parameterType="com.dh.guangfu.po.Price" >
    insert into conf_price (id,code,price,create_date,end_date)
    values (#{id,jdbcType=BIGINT},#{code},#{price},#{create_date},#{end_date})
  </insert>
  
  <update id="update" parameterType="com.dh.guangfu.po.Price" >
    update conf_price
    <set >
      <if test="code != null" >
        code = #{code,jdbcType=VARCHAR},
      </if>
      <if test="price != null" >
        price = #{price},
      </if>
      <if test="end_date != null" >
        end_date = #{end_date},
      </if>
      <if test="create_date != null" >
        create_date = #{create_date},
      </if>
    </set>
    where id = #{id,jdbcType=BIGINT}
  </update>
</mapper>  	