<?xml version="1.0" encoding="UTF-8" ?>
<!DOCTYPE mapper PUBLIC "-//mybatis.org//DTD Mapper 3.0//EN" "http://mybatis.org/dtd/mybatis-3-mapper.dtd" >
<mapper namespace="com.dh.system.po.SysUserKeyMapper" >
  <resultMap id="BaseResultMap" type="com.dh.system.po.SysUserKey" >
    <id column="id" property="id" jdbcType="BIGINT" />
    <result column="privatekey" property="privatekey" jdbcType="VARCHAR" />
    <result column="publickey" property="publickey" jdbcType="VARCHAR" />
    <result column="user_id" property="user_id" />
  </resultMap>
  
  <sql id="Base_Column_List" >
    id,  privatekey, publickey, user_id
  </sql>
  
  <select id="findById" resultMap="BaseResultMap" parameterType="java.lang.Long" >
    select 
    <include refid="Base_Column_List" />
    from sys_user_key
    where id = #{id,jdbcType=BIGINT}
  </select>
  
  <select id="getByUserId" resultMap="BaseResultMap" parameterType="java.lang.Long" >
    select 
    <include refid="Base_Column_List" />
    from sys_user_key
    where user_id = #{user_id,jdbcType=BIGINT}
  </select>
  
    <delete id="deleteById" parameterType="java.lang.String" >
	    delete from sys_user_key
	    where id in 
	    <foreach item="item" index="index" collection="array" open="(" separator="," close=")">  
			 #{item}  
		</foreach>  
	  </delete>
 
  <insert id="insert" parameterType="com.dh.system.po.SysUserKey"  useGeneratedKeys="true" keyProperty="id">
    insert into sys_user_key (id, privatekey, publickey, user_id)
    values (#{id,jdbcType=BIGINT}, 
      #{privatekey,jdbcType=VARCHAR}, #{publickey,jdbcType=VARCHAR}, #{user_id,jdbcType=VARCHAR})
  </insert>
  <!--动态更新 -->
  <update id="update" parameterType="com.dh.system.po.SysUserKey" >
    update sys_user_key
    <set >
      <if test="privatekey != null" >
        privatekey = #{privatekey,jdbcType=VARCHAR},
      </if>
      <if test="publickey != null" >
        publickey = #{publickey,jdbcType=VARCHAR},
      </if>
      <if test="user_id != null" >
        user_id = #{user_id,jdbcType=VARCHAR},
      </if>
    </set>
    where id = #{id,jdbcType=BIGINT}
  </update>
</mapper>