<?xml version="1.0" encoding="UTF-8" ?>
<!DOCTYPE mapper PUBLIC "-//mybatis.org//DTD Mapper 3.0//EN" "http://mybatis.org/dtd/mybatis-3-mapper.dtd" >
<mapper namespace="com.dh.system.po.SysUserManageMapper" >
  <resultMap id="BaseResultMap" type="com.dh.system.po.SysUserManage" >
    <id column="id" property="id" jdbcType="BIGINT" />
    <result column="create_time" property="createTime" jdbcType="TIMESTAMP" />
    <result column="password" property="password" jdbcType="VARCHAR" />
    <result column="phone" property="phone" jdbcType="VARCHAR" />
    <result column="status" property="status" jdbcType="VARCHAR" />
    <result column="username" property="username" jdbcType="VARCHAR" />
    <result column="type" property="type"  />
    <result column="area_id" property="area_id"  />
    <result column="areaName" property="areaName"  />
  </resultMap>
  
  <sql id="Base_Column_List" >
    id, create_time, password, phone, status, username,type,area_id,areaName
  </sql>
  
  <select id="findById" resultMap="BaseResultMap" parameterType="java.lang.Long" >
    select 
    <include refid="Base_Column_List" />
    from sys_user_manage
    where id = #{id,jdbcType=BIGINT}
  </select>
  
  <select id="findUserByName" resultMap="BaseResultMap" parameterType="java.lang.String" >
    select 
    <include refid="Base_Column_List" />
    from sys_user_manage
    where username = #{username,jdbcType=VARCHAR}
  </select>
  <select id="getUserByPhone" resultMap="BaseResultMap" parameterType="java.lang.String" >
    select 
    <include refid="Base_Column_List" />
    from sys_user_manage
    where phone = #{username,jdbcType=BIGINT}
  </select>
  
  <!-- selectAll -->
  <select id="selectAll" resultMap="BaseResultMap" parameterType="com.dh.system.vo.SysUserManageQuery" >
    select 
     u.id, u.create_time, u.password, u.phone, u.status, u.username,u.type,u.area_id,a.name as areaName
    from sys_user_manage u left join area a on a.id=u.area_id
    <where>
		<if test="username!=null and username.trim() != ''"> and u.username like CONCAT("%",#{username},"%") </if>
   		<if test="type!=null"> and u.type=#{type}</if>
    </where>
  </select>
  <!-- 得到记录总数 -->  
    <select id="count" resultType="java.lang.Integer" parameterType="com.dh.system.vo.SysUserManageQuery">  
       <![CDATA[ 
          select count(*) from sys_user_manage 
       ]]>  
        <where>
			<if test="username!=null and username.trim() != ''"> and username like CONCAT("%",#{username},"%") </if>
  			<if test="type!=null"> and type=#{type}</if>
  		</where>
    </select>
  
    <delete id="deleteById" parameterType="Long" >
	    delete from sys_user_manage
	    where id=#{id}
	  </delete>
 
  <insert id="insert" parameterType="com.dh.system.po.SysUserManage"  useGeneratedKeys="true" keyProperty="id">
    insert into sys_user_manage (id, create_time,
      password, phone, status, username,type,area_id)
    values (#{id,jdbcType=BIGINT}, #{createTime,jdbcType=TIMESTAMP},
      #{password,jdbcType=VARCHAR}, #{phone,jdbcType=VARCHAR},  #{status,jdbcType=VARCHAR}, #{username,jdbcType=VARCHAR},#{type},#{area_id} 
    )
  </insert>
  <!--动态更新 -->
  <update id="update" parameterType="com.dh.system.po.SysUserManage" >
    update sys_user_manage
    <set >
      <if test="createTime != null" >
        create_time = #{createTime,jdbcType=TIMESTAMP},
      </if>
      <if test="password != null" >
        password = #{password,jdbcType=VARCHAR},
      </if>
      <if test="phone != null" >
        phone = #{phone,jdbcType=VARCHAR},
      </if>
      <if test="status != null" >
        status = #{status,jdbcType=VARCHAR},
      </if>
      <if test="username != null" >
        username = #{username,jdbcType=VARCHAR},
      </if>
      <if test="type != null" >
        type = #{type,jdbcType=VARCHAR},
      </if>
      <if test="area_id != null" >
        area_id = #{area_id},
      </if>
    </set>
    where id = #{id,jdbcType=BIGINT}
  </update>
  
</mapper>